{
  "overall_metrics": {
    "mae": 14890.1,
    "rmse": 20067.08,
    "r2": 0.8541,
    "mape": 12.23,
    "n_samples": 60
  },
  "bias_detection": [
    {
      "group_column": "company_location",
      "group_metrics": {
        "0.0": {
          "r2": 0.7491,
          "mae": 21648.42,
          "n_samples": 9
        },
        "1.0": {
          "r2": 0.6967,
          "mae": 16342.94,
          "n_samples": 6
        },
        "3.0": {
          "r2": 0.9235,
          "mae": 11865.38,
          "n_samples": 10
        },
        "4.0": {
          "r2": 0.4825,
          "mae": 23043.6,
          "n_samples": 7
        },
        "7.0": {
          "r2": 0.926,
          "mae": 10277.97,
          "n_samples": 6
        },
        "8.0": {
          "r2": 0.8722,
          "mae": 9461.39,
          "n_samples": 7
        },
        "9.0": {
          "r2": 0.8972,
          "mae": 12831.49,
          "n_samples": 6
        }
      },
      "r2_gap": 0.4435,
      "max_allowed_gap": 0.15,
      "bias_flagged": true
    },
    {
      "group_column": "company_size",
      "group_metrics": {
        "0.0": {
          "r2": 0.8292,
          "mae": 19253.16,
          "n_samples": 18
        },
        "1.0": {
          "r2": 0.8139,
          "mae": 14041.22,
          "n_samples": 31
        },
        "2.0": {
          "r2": 0.7968,
          "mae": 10142.82,
          "n_samples": 11
        }
      },
      "r2_gap": 0.0324,
      "max_allowed_gap": 0.15,
      "bias_flagged": false
    }
  ],
  "drift_detection": {
    "year_column": "work_year",
    "yearly_r2": {
      "-1.4780823831356713": 0.8435,
      "-0.9007064522232874": 0.8131,
      "-0.3233305213109035": 0.8207,
      "0.2540454096014804": 0.8108,
      "0.8314213405138643": 0.8306,
      "1.4087972714262482": 0.9476
    },
    "prior_avg_r2": 0.8237,
    "latest_r2": 0.9476,
    "r2_drop": -0.1239,
    "drop_threshold": 0.1,
    "drift_flagged": false
  }
}